ddodyear,censuscode,deathcount
2013,0170,13
2013,0180,3
2013,0190,1
2013,0270,8
2013,0280,1
2013,0290,2
2013,0370,2
2013,0470,1
2013,0570,4
2013,0670,1
2013,0690,3
2013,0770,89
2013,1090,1
2013,1170,2
2013,1180,1
2013,1190,2
2013,1270,4
2013,1290,4
2013,1480,5
2013,1590,2
2013,1670,1
2013,1691,2
2013,1870,7
2013,1890,2
2013,1990,9
2013,2070,3
2013,2190,1
2013,2290,2
2013,2370,1
2013,2380,1
2013,2490,4
2013,2590,1
2013,2670,7
2013,2680,2
2013,2770,1
2013,2790,2
2013,2870,3
2013,2980,4
2013,2990,2
2013,3095,1
2013,3291,3
2013,3390,11
2013,3470,1
2013,3570,5
2013,3580,2
2013,3590,3
2013,3680,7
2013,3770,4
2013,3895,1
2013,3960,2
2013,3980,1
2013,3990,28
2013,4070,1
2013,4090,1
2013,4170,1
2013,4195,1
2013,4270,4
2013,4280,3
2013,4290,1
2013,4380,1
2013,4470,6
2013,4590,4
2013,4670,9
2013,4690,6
2013,4770,3
2013,4780,1
2013,4795,3
2013,4870,8
2013,4880,1
2013,4890,1
2013,4971,18
2013,4980,2
2013,4990,1
2013,5070,4
2013,5090,1
2013,5170,8
2013,5190,1
2013,5275,4
2013,5280,3
2013,5370,1
2013,5381,1
2013,5391,1
2013,5470,3
2013,5480,1
2013,5490,3
2013,5570,1
2013,5593,1
2013,5670,1
2013,5680,2
2013,5690,2
2013,5790,35
2013,6070,6
2013,6080,15
2013,6090,2
2013,6170,25
2013,6180,8
2013,6190,5
2013,6290,10
2013,6370,10
2013,6380,1
2013,6390,4
2013,6470,5
2013,6480,2
2013,6570,4
2013,6680,12
2013,6690,1
2013,6770,2
2013,6870,17
2013,6880,3
2013,6890,4
2013,6970,2
2013,6991,3
2013,6992,8
2013,7071,21
2013,7072,3
2013,7270,17
2013,7280,9
2013,7290,15
2013,7370,2
2013,7380,7
2013,7460,2
2013,7470,3
2013,7480,2
2013,7490,3
2013,7570,3
2013,7590,3
2013,7670,6
2013,7680,7
2013,7690,10
2013,7770,5
2013,7790,2
2013,7860,89
2013,7870,26
2013,7880,1
2013,7890,6
2013,7970,12
2013,7980,3
2013,8070,2
2013,8080,4
2013,8090,4
2013,8170,5
2013,8191,52
2013,8270,15
2013,8290,3
2013,8370,6
2013,8470,7
2013,8561,1
2013,8562,1
2013,8563,1
2013,8564,17
2013,8570,2
2013,8590,4
2013,8660,10
2013,8680,47
2013,8690,4
2013,8770,12
2013,8790,3
2013,8870,2
2013,8891,2
2013,8970,2
2013,8980,10
2013,9070,4
2013,9090,4
2013,9160,17
2013,9170,2
2013,9190,1
2013,9290,4
2013,9370,1
2013,9380,1
2013,9390,20
2013,9470,13
2013,9480,1
2013,9490,1
2013,9570,3
2013,9590,3
2014,0170,8
2014,0180,1
2014,0190,3
2014,0270,3
2014,0280,1
2014,0370,1
2014,0480,1
2014,0570,13
2014,0670,1
2014,0690,5
2014,0770,78
2014,1070,1
2014,1190,4
2014,1270,3
2014,1280,1
2014,1290,4
2014,1370,1
2014,1480,2
2014,1490,1
2014,1590,2
2014,1691,9
2014,1790,1
2014,1870,2
2014,1890,1
2014,1990,10
2014,2070,1
2014,2270,2
2014,2290,2
2014,2370,2
2014,2380,1
2014,2490,2
2014,2570,1
2014,2670,6
2014,2680,3
2014,2770,3
2014,2870,5
2014,2970,1
2014,2980,4
2014,2990,4
2014,3095,1
2014,3170,1
2014,3291,2
2014,3365,1
2014,3390,14
2014,3490,1
2014,3570,6
2014,3580,5
2014,3590,5
2014,3680,10
2014,3770,6
2014,3780,2
2014,3875,1
2014,3895,2
2014,3960,2
2014,3970,1
2014,3980,2
2014,3990,24
2014,4170,2
2014,4265,1
2014,4270,4
2014,4280,1
2014,4470,4
2014,4490,2
2014,4590,1
2014,4670,7
2014,4680,2
2014,4690,4
2014,4770,6
2014,4780,1
2014,4795,4
2014,4870,3
2014,4890,1
2014,4971,18
2014,4980,1
2014,5070,3
2014,5080,3
2014,5090,1
2014,5170,3
2014,5190,1
2014,5275,2
2014,5280,1
2014,5370,1
2014,5381,4
2014,5391,2
2014,5470,3
2014,5480,1
2014,5490,1
2014,5580,2
2014,5680,2
2014,5790,33
2014,6070,9
2014,6080,7
2014,6090,5
2014,6170,38
2014,6180,9
2014,6190,4
2014,6290,13
2014,6370,12
2014,6380,3
2014,6390,5
2014,6470,4
2014,6480,2
2014,6570,1
2014,6590,1
2014,6670,1
2014,6680,13
2014,6690,1
2014,6695,1
2014,6770,1
2014,6870,21
2014,6880,1
2014,6890,4
2014,6970,7
2014,6991,11
2014,6992,7
2014,7071,12
2014,7072,2
2014,7080,1
2014,7270,8
2014,7280,12
2014,7290,10
2014,7370,6
2014,7380,6
2014,7390,5
2014,7460,2
2014,7470,2
2014,7480,1
2014,7490,1
2014,7570,1
2014,7580,1
2014,7590,2
2014,7670,2
2014,7680,12
2014,7690,8
2014,7770,2
2014,7790,5
2014,7860,68
2014,7870,19
2014,7880,1
2014,7890,3
2014,7970,5
2014,7980,3
2014,8080,3
2014,8090,4
2014,8170,2
2014,8180,2
2014,8191,62
2014,8192,1
2014,8270,9
2014,8290,4
2014,8370,6
2014,8380,1
2014,8390,1
2014,8470,2
2014,8562,1
2014,8563,1
2014,8564,21
2014,8570,1
2014,8590,3
2014,8660,8
2014,8680,50
2014,8690,5
2014,8770,13
2014,8780,1
2014,8790,1
2014,8870,3
2014,8891,5
2014,8970,2
2014,8980,9
2014,8990,2
2014,9070,3
2014,9080,1
2014,9090,3
2014,9160,9
2014,9170,5
2014,9290,6
2014,9380,1
2014,9390,34
2014,9470,18
2014,9480,12
2014,9490,2
2014,9570,5
2014,9590,6
2015,0170,15
2015,0180,1
2015,0190,2
2015,0270,1
2015,0280,2
2015,0290,1
2015,0490,1
2015,0570,9
2015,0580,1
2015,0690,5
2015,0770,100
2015,1070,1
2015,1170,2
2015,1180,3
2015,1190,1
2015,1270,5
2015,1280,1
2015,1290,4
2015,1370,1
2015,1480,2
2015,1691,5
2015,1870,7
2015,1880,1
2015,1990,6
2015,2190,1
2015,2290,3
2015,2370,1
2015,2390,1
2015,2490,2
2015,2570,1
2015,2670,11
2015,2680,1
2015,2770,2
2015,2870,2
2015,2880,2
2015,2970,1
2015,2980,3
2015,2990,4
2015,3170,2
2015,3291,1
2015,3365,3
2015,3380,3
2015,3390,13
2015,3490,3
2015,3570,2
2015,3580,6
2015,3590,3
2015,3680,8
2015,3770,3
2015,3780,1
2015,3875,4
2015,3895,1
2015,3990,33
2015,4070,1
2015,4090,1
2015,4170,1
2015,4270,2
2015,4280,1
2015,4380,1
2015,4470,7
2015,4580,1
2015,4590,3
2015,4670,7
2015,4680,5
2015,4690,7
2015,4770,4
2015,4780,3
2015,4795,4
2015,4870,5
2015,4880,1
2015,4971,12
2015,4972,1
2015,4980,3
2015,4990,1
2015,5070,4
2015,5080,1
2015,5090,3
2015,5170,2
2015,5190,3
2015,5275,3
2015,5370,2
2015,5381,4
2015,5470,2
2015,5480,4
2015,5570,2
2015,5580,2
2015,5680,2
2015,5690,2
2015,5790,29
2015,6070,8
2015,6080,7
2015,6090,5
2015,6170,28
2015,6180,8
2015,6190,1
2015,6290,17
2015,6370,13
2015,6380,2
2015,6390,7
2015,6470,6
2015,6480,5
2015,6570,1
2015,6670,3
2015,6680,12
2015,6690,4
2015,6770,7
2015,6870,26
2015,6890,2
2015,6970,10
2015,6991,15
2015,6992,9
2015,7071,11
2015,7072,7
2015,7080,2
2015,7270,10
2015,7280,12
2015,7290,15
2015,7370,8
2015,7380,8
2015,7460,1
2015,7470,1
2015,7490,4
2015,7570,2
2015,7580,2
2015,7590,4
2015,7670,4
2015,7680,8
2015,7690,17
2015,7770,9
2015,7780,1
2015,7790,1
2015,7860,94
2015,7870,20
2015,7890,2
2015,7970,9
2015,7980,3
2015,8070,3
2015,8080,1
2015,8090,7
2015,8170,15
2015,8191,74
2015,8192,1
2015,8270,19
2015,8290,1
2015,8370,12
2015,8470,7
2015,8562,4
2015,8564,17
2015,8570,2
2015,8580,2
2015,8590,4
2015,8660,7
2015,8680,53
2015,8690,3
2015,8770,14
2015,8870,2
2015,8891,4
2015,8980,5
2015,8990,3
2015,9070,4
2015,9080,2
2015,9160,19
2015,9170,7
2015,9190,1
2015,9290,4
2015,9370,1
2015,9390,35
2015,9470,13
2015,9480,10
2015,9490,3
2015,9570,3
2015,9590,5
2016,0170,18
2016,0180,4
2016,0190,1
2016,0270,1
2016,0280,1
2016,0290,1
2016,0480,1
2016,0490,2
2016,0570,4
2016,0670,1
2016,0690,7
2016,0770,90
2016,1070,1
2016,1090,3
2016,1170,2
2016,1180,1
2016,1190,1
2016,1270,3
2016,1290,6
2016,1370,3
2016,1480,2
2016,1590,1
2016,1691,11
2016,1770,1
2016,1870,6
2016,1880,1
2016,1890,1
2016,1990,8
2016,2070,2
2016,2090,1
2016,2190,1
2016,2270,1
2016,2290,2
2016,2380,1
2016,2470,1
2016,2480,1
2016,2570,1
2016,2670,6
2016,2680,1
2016,2770,8
2016,2870,3
2016,2880,2
2016,2890,1
2016,2980,2
2016,2990,4
2016,3080,2
2016,3170,1
2016,3180,1
2016,3291,4
2016,3365,1
2016,3370,1
2016,3380,4
2016,3390,5
2016,3490,4
2016,3570,5
2016,3580,10
2016,3590,2
2016,3670,2
2016,3680,9
2016,3770,9
2016,3875,1
2016,3895,6
2016,3960,2
2016,3990,24
2016,4070,2
2016,4090,1
2016,4170,1
2016,4265,1
2016,4270,4
2016,4290,2
2016,4380,2
2016,4390,1
2016,4470,8
2016,4480,1
2016,4560,2
2016,4590,2
2016,4670,14
2016,4680,3
2016,4690,6
2016,4770,2
2016,4780,2
2016,4795,2
2016,4870,11
2016,4880,3
2016,4971,17
2016,4972,2
2016,4980,2
2016,5070,4
2016,5080,1
2016,5090,4
2016,5170,3
2016,5190,2
2016,5275,2
2016,5381,4
2016,5391,1
2016,5470,3
2016,5480,1
2016,5490,1
2016,5570,1
2016,5580,1
2016,5680,1
2016,5690,2
2016,5790,36
2016,6070,8
2016,6080,14
2016,6090,1
2016,6170,31
2016,6180,6
2016,6190,4
2016,6290,14
2016,6370,11
2016,6380,2
2016,6390,7
2016,6470,6
2016,6480,2
2016,6570,4
2016,6590,3
2016,6680,11
2016,6690,3
2016,6770,6
2016,6870,20
2016,6890,2
2016,6970,5
2016,6991,12
2016,6992,6
2016,7071,17
2016,7072,2
2016,7190,1
2016,7270,13
2016,7280,16
2016,7290,17
2016,7370,4
2016,7380,6
2016,7390,1
2016,7460,3
2016,7470,5
2016,7480,2
2016,7490,2
2016,7570,1
2016,7580,3
2016,7670,2
2016,7680,8
2016,7690,11
2016,7770,8
2016,7790,2
2016,7860,91
2016,7870,23
2016,7880,1
2016,7890,1
2016,7970,17
2016,7980,4
2016,8080,1
2016,8090,6
2016,8170,8
2016,8180,2
2016,8191,68
2016,8192,2
2016,8270,14
2016,8290,2
2016,8370,9
2016,8470,3
2016,8562,1
2016,8564,19
2016,8570,3
2016,8590,5
2016,8660,10
2016,8680,64
2016,8690,4
2016,8770,19
2016,8790,2
2016,8870,5
2016,8891,4
2016,8970,3
2016,8980,4
2016,8990,1
2016,9070,3
2016,9080,1
2016,9160,17
2016,9170,7
2016,9180,3
2016,9290,2
2016,9370,3
2016,9380,3
2016,9390,29
2016,9470,20
2016,9480,2
2016,9490,1
2016,9570,6
2016,9590,5
2017,0170,16
2017,0180,2
2017,0190,1
2017,0270,3
2017,0280,1
2017,0290,3
2017,0370,2
2017,0570,8
2017,0580,3
2017,0670,3
2017,0680,1
2017,0690,8
2017,0770,74
2017,1090,1
2017,1170,1
2017,1180,1
2017,1190,3
2017,1270,4
2017,1290,3
2017,1370,2
2017,1480,1
2017,1691,6
2017,1790,1
2017,1870,6
2017,1990,7
2017,2070,1
2017,2090,1
2017,2180,1
2017,2290,2
2017,2570,1
2017,2590,1
2017,2670,6
2017,2680,1
2017,2770,4
2017,2790,1
2017,2870,2
2017,2980,6
2017,2990,4
2017,3070,1
2017,3095,1
2017,3291,2
2017,3370,1
2017,3380,1
2017,3390,3
2017,3470,1
2017,3490,3
2017,3570,9
2017,3580,7
2017,3590,5
2017,3670,1
2017,3680,7
2017,3770,5
2017,3780,1
2017,3875,3
2017,3895,3
2017,3960,3
2017,3980,4
2017,3990,25
2017,4070,2
2017,4170,1
2017,4195,1
2017,4270,4
2017,4280,2
2017,4290,1
2017,4370,1
2017,4390,2
2017,4470,6
2017,4560,1
2017,4580,3
2017,4590,3
2017,4670,11
2017,4680,1
2017,4690,6
2017,4770,5
2017,4795,5
2017,4870,6
2017,4880,1
2017,4890,1
2017,4971,16
2017,4972,2
2017,4980,5
2017,4990,1
2017,5070,5
2017,5170,3
2017,5190,4
2017,5275,3
2017,5370,1
2017,5381,2
2017,5470,3
2017,5480,1
2017,5490,2
2017,5580,2
2017,5680,3
2017,5690,1
2017,5790,29
2017,6070,9
2017,6080,9
2017,6090,1
2017,6170,24
2017,6180,5
2017,6290,16
2017,6370,13
2017,6380,2
2017,6390,6
2017,6470,4
2017,6480,4
2017,6570,7
2017,6670,1
2017,6680,19
2017,6690,5
2017,6770,1
2017,6870,17
2017,6890,5
2017,6970,3
2017,6991,18
2017,6992,14
2017,7071,7
2017,7072,5
2017,7270,14
2017,7280,11
2017,7290,8
2017,7370,1
2017,7380,17
2017,7390,2
2017,7460,5
2017,7470,2
2017,7480,1
2017,7490,3
2017,7570,1
2017,7580,4
2017,7590,2
2017,7670,2
2017,7680,4
2017,7690,13
2017,7770,8
2017,7790,1
2017,7860,87
2017,7870,17
2017,7890,7
2017,7970,11
2017,7980,8
2017,7990,2
2017,8080,6
2017,8090,7
2017,8170,2
2017,8191,83
2017,8192,3
2017,8270,13
2017,8290,5
2017,8370,17
2017,8380,1
2017,8470,14
2017,8561,1
2017,8562,2
2017,8563,1
2017,8564,12
2017,8570,1
2017,8580,1
2017,8590,2
2017,8660,6
2017,8670,1
2017,8680,41
2017,8690,5
2017,8770,18
2017,8780,1
2017,8790,1
2017,8870,11
2017,8891,6
2017,8970,2
2017,8980,3
2017,8990,2
2017,9070,3
2017,9160,16
2017,9170,6
2017,9180,1
2017,9190,1
2017,9290,7
2017,9370,3
2017,9380,3
2017,9390,25
2017,9470,14
2017,9480,10
2017,9490,1
2017,9570,3
2017,9590,3
2018,0170,10
2018,0180,7
2018,0190,4
2018,0270,4
2018,0280,1
2018,0290,2
2018,0370,2
2018,0390,1
2018,0490,3
2018,0570,7
2018,0580,1
2018,0590,1
2018,0670,1
2018,0680,1
2018,0690,5
2018,0770,86
2018,1070,1
2018,1080,2
2018,1090,1
2018,1170,1
2018,1180,2
2018,1190,2
2018,1270,3
2018,1290,9
2018,1480,4
2018,1590,2
2018,1691,4
2018,1870,7
2018,1990,9
2018,2190,1
2018,2270,1
2018,2290,5
2018,2380,2
2018,2470,1
2018,2490,3
2018,2590,1
2018,2670,3
2018,2680,3
2018,2770,2
2018,2790,2
2018,2870,4
2018,2890,1
2018,2990,3
2018,3080,1
2018,3170,1
2018,3291,1
2018,3365,2
2018,3380,1
2018,3390,8
2018,3490,1
2018,3570,7
2018,3580,4
2018,3590,3
2018,3670,1
2018,3680,5
2018,3770,4
2018,3780,1
2018,3790,1
2018,3875,1
2018,3895,5
2018,3960,2
2018,3990,32
2018,4170,1
2018,4270,5
2018,4280,2
2018,4290,1
2018,4380,1
2018,4470,8
2018,4580,1
2018,4590,2
2018,4670,8
2018,4680,1
2018,4690,4
2018,4770,6
2018,4795,4
2018,4870,7
2018,4880,1
2018,4890,2
2018,4971,19
2018,4980,2
2018,5070,4
2018,5080,3
2018,5090,1
2018,5170,5
2018,5190,2
2018,5275,2
2018,5280,1
2018,5370,2
2018,5381,4
2018,5470,2
2018,5490,1
2018,5570,1
2018,5580,2
2018,5593,1
2018,5670,1
2018,5680,1
2018,5690,2
2018,5790,37
2018,6070,6
2018,6080,6
2018,6090,5
2018,6170,31
2018,6180,9
2018,6190,4
2018,6280,1
2018,6290,17
2018,6370,13
2018,6380,1
2018,6390,3
2018,6470,5
2018,6480,2
2018,6570,3
2018,6670,3
2018,6680,14
2018,6690,3
2018,6770,2
2018,6780,1
2018,6870,19
2018,6890,2
2018,6970,5
2018,6991,10
2018,6992,10
2018,7071,19
2018,7072,2
2018,7080,1
2018,7270,16
2018,7280,15
2018,7290,9
2018,7370,5
2018,7380,13
2018,7460,4
2018,7470,1
2018,7480,2
2018,7490,2
2018,7570,3
2018,7580,1
2018,7590,2
2018,7670,4
2018,7680,9
2018,7690,12
2018,7770,9
2018,7780,1
2018,7790,5
2018,7860,96
2018,7870,24
2018,7880,1
2018,7890,1
2018,7970,12
2018,7980,4
2018,8070,3
2018,8080,4
2018,8090,8
2018,8170,11
2018,8180,4
2018,8191,66
2018,8270,15
2018,8290,1
2018,8370,10
2018,8390,1
2018,8470,5
2018,8561,1
2018,8562,3
2018,8563,2
2018,8564,17
2018,8570,1
2018,8580,1
2018,8590,3
2018,8660,3
2018,8680,58
2018,8690,5
2018,8770,13
2018,8790,2
2018,8870,3
2018,8891,9
2018,8970,2
2018,8980,10
2018,9070,5
2018,9080,2
2018,9090,1
2018,9160,11
2018,9170,4
2018,9180,2
2018,9190,2
2018,9290,3
2018,9370,1
2018,9380,4
2018,9390,29
2018,9470,19
2018,9480,7
2018,9490,2
2018,9570,3
2018,9590,1
2019,0170,11
2019,0180,2
2019,0190,1
2019,0270,1
2019,0290,5
2019,0370,1
2019,0380,1
2019,0480,1
2019,0490,1
2019,0570,6
2019,0580,3
2019,0680,1
2019,0690,3
2019,0770,64
2019,1070,1
2019,1090,2
2019,1170,2
2019,1180,5
2019,1190,1
2019,1270,7
2019,1290,3
2019,1370,1
2019,1480,3
2019,1590,2
2019,1691,8
2019,1870,8
2019,1990,9
2019,2290,5
2019,2370,1
2019,2390,1
2019,2480,1
2019,2490,2
2019,2670,8
2019,2680,1
2019,2770,4
2019,2780,1
2019,2870,1
2019,2880,1
2019,2980,3
2019,2990,2
2019,3080,1
2019,3291,1
2019,3380,1
2019,3390,9
2019,3490,1
2019,3570,8
2019,3580,9
2019,3590,8
2019,3680,4
2019,3770,5
2019,3780,2
2019,3875,2
2019,3895,4
2019,3960,3
2019,3980,4
2019,3990,22
2019,4090,2
2019,4170,1
2019,4180,2
2019,4270,1
2019,4280,1
2019,4380,1
2019,4470,8
2019,4590,3
2019,4670,12
2019,4680,2
2019,4690,1
2019,4770,3
2019,4780,3
2019,4795,3
2019,4870,4
2019,4890,2
2019,4971,17
2019,4972,1
2019,4980,5
2019,5070,3
2019,5080,3
2019,5090,1
2019,5170,8
2019,5190,1
2019,5275,4
2019,5280,1
2019,5370,4
2019,5381,4
2019,5391,1
2019,5470,1
2019,5490,3
2019,5570,1
2019,5680,2
2019,5790,43
2019,6070,7
2019,6080,11
2019,6090,4
2019,6170,25
2019,6180,5
2019,6290,10
2019,6370,10
2019,6380,4
2019,6390,10
2019,6470,5
2019,6480,6
2019,6570,2
2019,6670,6
2019,6680,16
2019,6690,1
2019,6770,3
2019,6870,27
2019,6890,2
2019,6970,8
2019,6991,15
2019,6992,6
2019,7071,23
2019,7072,3
2019,7270,20
2019,7280,14
2019,7290,8
2019,7370,10
2019,7380,14
2019,7390,4
2019,7460,3
2019,7490,4
2019,7570,3
2019,7580,1
2019,7590,4
2019,7670,5
2019,7680,6
2019,7690,11
2019,7770,3
2019,7780,1
2019,7860,91
2019,7870,15
2019,7880,1
2019,7890,3
2019,7970,8
2019,7980,7
2019,8070,1
2019,8080,3
2019,8090,12
2019,8170,11
2019,8180,2
2019,8191,93
2019,8192,1
2019,8270,12
2019,8290,4
2019,8370,14
2019,8470,10
2019,8562,1
2019,8563,1
2019,8564,24
2019,8590,3
2019,8660,12
2019,8670,1
2019,8680,51
2019,8690,5
2019,8770,18
2019,8790,2
2019,8870,6
2019,8891,6
2019,8970,2
2019,8980,7
2019,8990,1
2019,9070,2
2019,9080,2
2019,9090,3
2019,9160,18
2019,9170,7
2019,9190,1
2019,9290,3
2019,9370,1
2019,9380,2
2019,9390,24
2019,9470,15
2019,9480,7
2019,9490,3
2019,9570,3
2019,9590,1
2020,0170,16
2020,0180,2
2020,0270,3
2020,0280,1
2020,0290,2
2020,0480,1
2020,0570,10
2020,0670,1
2020,0690,5
2020,0770,99
2020,1090,2
2020,1190,2
2020,1270,2
2020,1290,7
2020,1480,4
2020,1670,1
2020,1691,5
2020,1770,2
2020,1870,6
2020,1890,3
2020,1990,8
2020,2190,1
2020,2290,1
2020,2370,1
2020,2390,1
2020,2470,1
2020,2490,3
2020,2590,1
2020,2670,4
2020,2680,2
2020,2770,6
2020,2790,3
2020,2870,7
2020,2880,2
2020,2980,2
2020,3080,1
2020,3291,5
2020,3365,2
2020,3370,1
2020,3390,7
2020,3490,2
2020,3570,7
2020,3580,4
2020,3590,8
2020,3680,5
2020,3770,6
2020,3875,1
2020,3895,4
2020,3960,1
2020,3970,4
2020,3980,2
2020,3990,35
2020,4170,2
2020,4180,1
2020,4265,1
2020,4270,1
2020,4280,5
2020,4380,1
2020,4470,2
2020,4590,2
2020,4670,7
2020,4680,2
2020,4690,2
2020,4770,4
2020,4780,2
2020,4795,1
2020,4870,6
2020,4890,1
2020,4971,11
2020,4980,3
2020,5070,2
2020,5080,2
2020,5090,3
2020,5170,4
2020,5180,1
2020,5190,2
2020,5275,1
2020,5381,3
2020,5391,1
2020,5470,3
2020,5480,2
2020,5490,5
2020,5580,3
2020,5593,2
2020,5790,38
2020,6070,3
2020,6080,8
2020,6090,2
2020,6170,40
2020,6180,8
2020,6190,4
2020,6270,1
2020,6280,1
2020,6290,18
2020,6370,9
2020,6380,5
2020,6390,6
2020,6470,4
2020,6480,4
2020,6570,3
2020,6590,1
2020,6670,2
2020,6680,17
2020,6690,4
2020,6695,1
2020,6770,2
2020,6870,20
2020,6890,6
2020,6970,8
2020,6991,5
2020,6992,5
2020,7071,20
2020,7072,4
2020,7190,1
2020,7270,20
2020,7280,16
2020,7290,13
2020,7370,3
2020,7380,15
2020,7460,4
2020,7470,2
2020,7480,1
2020,7490,4
2020,7580,2
2020,7590,2
2020,7670,4
2020,7680,13
2020,7690,13
2020,7770,7
2020,7780,1
2020,7860,95
2020,7870,27
2020,7880,3
2020,7890,1
2020,7970,8
2020,7980,9
2020,8070,4
2020,8080,3
2020,8090,9
2020,8170,11
2020,8180,1
2020,8191,73
2020,8192,1
2020,8270,17
2020,8290,1
2020,8370,24
2020,8470,10
2020,8562,3
2020,8563,1
2020,8564,19
2020,8570,1
2020,8590,4
2020,8660,9
2020,8680,52
2020,8690,3
2020,8770,22
2020,8870,3
2020,8891,7
2020,8970,1
2020,8980,4
2020,9070,4
2020,9090,5
2020,9160,10
2020,9170,4
2020,9180,3
2020,9190,2
2020,9290,7
2020,9380,3
2020,9390,37
2020,9470,19
2020,9480,9
2020,9490,1
2020,9570,4
2020,9590,4
2021,0170,13
2021,0180,4
2021,0190,2
2021,0270,3
2021,0280,3
2021,0290,2
2021,0370,2
2021,0480,1
2021,0570,4
2021,0580,4
2021,0670,1
2021,0690,3
2021,0770,105
2021,1180,1
2021,1190,3
2021,1270,5
2021,1280,1
2021,1290,4
2021,1480,2
2021,1590,1
2021,1670,1
2021,1691,8
2021,1870,6
2021,1880,1
2021,1990,12
2021,2070,1
2021,2190,3
2021,2270,2
2021,2280,1
2021,2290,1
2021,2370,1
2021,2490,3
2021,2570,2
2021,2670,3
2021,2680,1
2021,2770,4
2021,2870,2
2021,2880,2
2021,2980,5
2021,2990,5
2021,3070,1
2021,3170,2
2021,3380,1
2021,3390,11
2021,3470,1
2021,3490,2
2021,3570,6
2021,3580,2
2021,3590,8
2021,3680,5
2021,3770,7
2021,3875,3
2021,3895,3
2021,3960,2
2021,3980,1
2021,3990,31
2021,4070,3
2021,4080,1
2021,4170,4
2021,4180,1
2021,4195,1
2021,4270,2
2021,4280,3
2021,4290,3
2021,4470,5
2021,4560,2
2021,4580,1
2021,4590,4
2021,4670,17
2021,4680,1
2021,4690,2
2021,4770,3
2021,4780,1
2021,4795,1
2021,4870,4
2021,4880,1
2021,4890,2
2021,4971,15
2021,4972,4
2021,4980,1
2021,5070,5
2021,5080,1
2021,5170,10
2021,5180,2
2021,5190,1
2021,5275,1
2021,5370,2
2021,5381,4
2021,5470,2
2021,5490,1
2021,5570,1
2021,5580,1
2021,5670,1
2021,5680,1
2021,5790,43
2021,6070,9
2021,6080,14
2021,6090,3
2021,6170,41
2021,6180,8
2021,6190,4
2021,6290,17
2021,6370,14
2021,6380,3
2021,6390,6
2021,6470,3
2021,6480,9
2021,6570,1
2021,6680,18
2021,6690,1
2021,6770,3
2021,6870,20
2021,6890,8
2021,6970,8
2021,6991,14
2021,6992,8
2021,7071,27
2021,7072,6
2021,7080,1
2021,7270,17
2021,7280,16
2021,7290,12
2021,7370,6
2021,7380,18
2021,7390,5
2021,7460,4
2021,7470,1
2021,7480,1
2021,7490,2
2021,7570,2
2021,7580,1
2021,7590,1
2021,7670,4
2021,7680,11
2021,7690,18
2021,7770,13
2021,7780,1
2021,7790,1
2021,7860,90
2021,7870,27
2021,7890,4
2021,7970,12
2021,7980,7
2021,7990,2
2021,8080,7
2021,8090,7
2021,8170,12
2021,8180,4
2021,8191,65
2021,8192,3
2021,8270,19
2021,8290,2
2021,8370,20
2021,8380,3
2021,8470,5
2021,8561,1
2021,8562,1
2021,8563,1
2021,8564,26
2021,8570,3
2021,8590,8
2021,8660,6
2021,8680,57
2021,8690,6
2021,8770,22
2021,8780,1
2021,8870,1
2021,8891,7
2021,8970,2
2021,8980,11
2021,8990,2
2021,9070,3
2021,9090,3
2021,9160,9
2021,9170,10
2021,9180,2
2021,9290,4
2021,9380,1
2021,9390,38
2021,9470,18
2021,9480,6
2021,9490,1
2021,9590,3
2022,0170,16
2022,0190,1
2022,0270,2
2022,0280,3
2022,0290,3
2022,0370,2
2022,0490,1
2022,0570,10
2022,0580,2
2022,0670,2
2022,0690,2
2022,0770,100
2022,1180,1
2022,1270,2
2022,1280,1
2022,1290,7
2022,1370,1
2022,1480,3
2022,1691,7
2022,1770,1
2022,1870,1
2022,1890,1
2022,1990,7
2022,2180,1
2022,2290,1
2022,2370,2
2022,2380,1
2022,2490,2
2022,2670,7
2022,2680,3
2022,2770,3
2022,2790,1
2022,2870,6
2022,2880,5
2022,2980,5
2022,3170,1
2022,3180,2
2022,3291,3
2022,3365,1
2022,3370,1
2022,3390,13
2022,3490,2
2022,3570,5
2022,3580,2
2022,3590,6
2022,3680,4
2022,3770,3
2022,3780,1
2022,3875,2
2022,3895,5
2022,3960,2
2022,3970,2
2022,3980,5
2022,3990,32
2022,4070,2
2022,4170,1
2022,4180,3
2022,4195,1
2022,4270,3
2022,4290,2
2022,4370,1
2022,4470,3
2022,4480,1
2022,4490,1
2022,4580,2
2022,4590,1
2022,4670,10
2022,4680,2
2022,4690,5
2022,4770,4
2022,4795,1
2022,4870,5
2022,4880,4
2022,4890,1
2022,4971,20
2022,4972,1
2022,4980,4
2022,4990,1
2022,5070,3
2022,5090,8
2022,5170,2
2022,5180,1
2022,5190,1
2022,5275,2
2022,5280,2
2022,5370,2
2022,5381,2
2022,5470,6
2022,5490,1
2022,5570,1
2022,5580,1
2022,5593,1
2022,5690,2
2022,5790,52
2022,6070,9
2022,6080,10
2022,6090,4
2022,6170,35
2022,6180,7
2022,6190,6
2022,6290,18
2022,6370,19
2022,6380,2
2022,6390,11
2022,6470,2
2022,6480,4
2022,6570,4
2022,6670,6
2022,6680,17
2022,6690,4
2022,6695,1
2022,6770,5
2022,6870,18
2022,6880,1
2022,6890,7
2022,6970,6
2022,6991,11
2022,6992,5
2022,7071,21
2022,7072,5
2022,7190,1
2022,7270,21
2022,7280,18
2022,7290,15
2022,7370,8
2022,7380,19
2022,7390,4
2022,7460,3
2022,7470,5
2022,7490,6
2022,7570,2
2022,7590,3
2022,7670,6
2022,7680,5
2022,7690,28
2022,7770,5
2022,7780,1
2022,7860,109
2022,7870,31
2022,7880,1
2022,7890,1
2022,7970,14
2022,7980,10
2022,7990,1
2022,8080,3
2022,8090,9
2022,8170,25
2022,8180,2
2022,8191,92
2022,8192,3
2022,8270,17
2022,8290,1
2022,8370,17
2022,8390,1
2022,8470,3
2022,8561,1
2022,8562,1
2022,8563,1
2022,8564,26
2022,8570,2
2022,8590,7
2022,8660,3
2022,8670,1
2022,8680,73
2022,8690,3
2022,8770,15
2022,8790,2
2022,8870,2
2022,8891,2
2022,8980,13
2022,8990,3
2022,9070,5
2022,9080,3
2022,9090,3
2022,9160,7
2022,9170,8
2022,9180,1
2022,9190,1
2022,9290,2
2022,9370,2
2022,9380,1
2022,9390,32
2022,9470,14
2022,9480,7
2022,9490,4
2022,9570,1
2022,9590,3
2023,0170,14
2023,0180,4
2023,0190,3
2023,0270,3
2023,0280,1
2023,0290,2
2023,0480,1
2023,0490,1
2023,0570,11
2023,0670,2
2023,0690,2
2023,0770,84
2023,1070,1
2023,1090,2
2023,1180,1
2023,1270,3
2023,1280,1
2023,1290,7
2023,1370,1
2023,1480,2
2023,1590,1
2023,1691,7
2023,1870,2
2023,1880,2
2023,1890,2
2023,1990,6
2023,2070,1
2023,2370,1
2023,2490,5
2023,2590,1
2023,2670,3
2023,2680,2
2023,2770,2
2023,2790,1
2023,2870,5
2023,2980,2
2023,2990,1
2023,3080,1
2023,3291,7
2023,3365,3
2023,3380,1
2023,3390,9
2023,3490,1
2023,3570,3
2023,3580,6
2023,3590,3
2023,3680,6
2023,3770,3
2023,3875,1
2023,3895,2
2023,3960,3
2023,3990,38
2023,4070,1
2023,4090,1
2023,4170,3
2023,4195,1
2023,4270,2
2023,4280,2
2023,4370,2
2023,4390,1
2023,4470,1
2023,4490,1
2023,4560,1
2023,4590,4
2023,4670,7
2023,4690,4
2023,4770,5
2023,4780,2
2023,4795,3
2023,4870,3
2023,4880,2
2023,4890,1
2023,4971,10
2023,4972,1
2023,4980,2
2023,5070,5
2023,5080,1
2023,5090,3
2023,5170,3
2023,5180,1
2023,5190,2
2023,5275,3
2023,5370,2
2023,5381,2
2023,5391,1
2023,5480,1
2023,5490,6
2023,5580,1
2023,5670,1
2023,5790,40
2023,6070,8
2023,6080,6
2023,6090,1
2023,6170,25
2023,6180,10
2023,6190,4
2023,6280,1
2023,6290,11
2023,6370,14
2023,6380,2
2023,6390,9
2023,6470,7
2023,6480,3
2023,6570,5
2023,6670,4
2023,6680,19
2023,6690,1
2023,6695,1
2023,6770,2
2023,6870,21
2023,6890,2
2023,6970,9
2023,6991,17
2023,6992,4
2023,7071,23
2023,7072,4
2023,7190,1
2023,7270,11
2023,7280,6
2023,7290,12
2023,7370,6
2023,7380,20
2023,7390,2
2023,7460,4
2023,7470,2
2023,7480,2
2023,7490,2
2023,7590,1
2023,7670,4
2023,7680,11
2023,7690,15
2023,7770,7
2023,7780,2
2023,7790,4
2023,7860,98
2023,7870,32
2023,7880,1
2023,7890,3
2023,7970,6
2023,7980,1
2023,7990,1
2023,8070,1
2023,8080,3
2023,8090,8
2023,8170,12
2023,8180,4
2023,8191,81
2023,8270,16
2023,8290,4
2023,8370,16
2023,8470,11
2023,8561,2
2023,8562,2
2023,8563,2
2023,8564,23
2023,8570,3
2023,8660,10
2023,8680,51
2023,8690,8
2023,8770,21
2023,8780,1
2023,8790,1
2023,8870,7
2023,8891,5
2023,8970,1
2023,8980,2
2023,8990,4
2023,9070,6
2023,9080,3
2023,9090,4
2023,9160,22
2023,9170,8
2023,9290,5
2023,9370,1
2023,9380,2
2023,9390,27
2023,9470,15
2023,9480,7
2023,9490,6
2023,9570,2
2023,9590,2
